,Title,Published_date,Views,Likes,Comments,Month
0,"Full $10,000/Month Guide in 2023 (5 Income Sources To Make $10,000/Month Fast)",2023-03-31,336128,26200,2209,Mar
1,4 Life Lessons My Father Taught Me,2023-03-28,131569,8635,773,Mar
2,Full Monk Mode Guide: 4 Steps To Fix Your Life,2023-03-24,395144,25176,1836,Mar
3,You Don‚Äôt Need Experience With Women.,2023-03-22,329895,20854,2073,Mar
4,Full Anxious Attachment Style Guide: How To Heal,2023-03-20,263686,14654,1767,Mar
5,Why it's so Hard to Sit Down and Study/Work,2023-03-14,373889,23017,1709,Mar
6,INCREASE TESTOSTERONE Naturally (440ng/dl to over 1000ng/dl),2023-03-11,706221,44786,5869,Mar
7,Reject Degeneracy & Embrace God.,2023-03-08,519571,37803,6217,Mar
8,The mistake I made at 1 million subs (It's going to happen to you too),2023-03-04,361952,21619,1823,Mar
9,How to love a woman.,2023-02-20,556266,29777,2113,Feb
10,How ‚Äòpurpose‚Äô works.,2023-02-07,594540,36276,2642,Feb
11,Our Last Jeffery & Adonis Video (10 WAYS TO NEVER GET NERVOUS AROUND GIRLS),2023-02-02,750008,53494,3609,Feb
12,I‚Äôve fulfilled my purpose.,2023-02-01,1092638,101077,10253,Feb
13,How To Stay Mysterious (Make Her CHASE You),2023-01-26,721341,50549,2599,Jan
14,How To BECOME A High Value Man | Boosting Your SMV,2023-01-25,395877,27681,1185,Jan
15,4 Signs of LOW Testosterone,2023-01-23,470148,30167,2031,Jan
16,How To Get Over Your Past Mistakes,2023-01-22,285617,21534,853,Jan
17,How To Change Your BAD Habits (Easy Method),2023-01-21,361772,30033,1420,Jan
18,Are You Attractive To Women? (The TRUTH About Attraction),2023-01-20,471375,31887,1304,Jan
19,Why You Don‚Äôt Feel Motivated,2023-01-19,372076,30413,1585,Jan
20,Life Is Too Short To Be A Chump,2023-01-18,275370,20254,866,Jan
21,How A Masculine Man Thinks,2023-01-17,384370,29608,1347,Jan
22,My Brother Watches Hamza And It‚Äôs Scaring Me,2023-01-16,840994,68241,7579,Jan
23,Men Are Not Happy,2023-01-15,309284,23884,1256,Jan
24,The KEY To Becoming Mentally Tougher,2023-01-14,581133,49061,2370,Jan
25,How To Quit Any Addiction,2023-01-13,529243,39260,1621,Jan
26,5 Crucial Steps to Go From Skinny to Jacked,2023-01-11,858002,50031,1699,Jan
27,THIS is How To Make A Girl CHASE YOU | How to Get Out of the Friendzone,2023-01-10,420035,28523,995,Jan
28,How To Deal With Toxic People,2023-01-09,295383,24197,1083,Jan
29,People get triggered easily,2023-01-09,314888,28972,259,Jan
30,Reminder - Never Make Her Your Focus,2023-01-08,291813,23516,953,Jan
31,"If You Hate Women, You‚Äôve Already Lost",2023-01-07,304266,24120,2117,Jan
32,3 INSTANT Ways To Start A Conversation With Girls,2023-01-06,556231,40115,1323,Jan
33,5 Habits You MUST Stop Doing Right Now,2023-01-05,485436,37045,1503,Jan
34,How To Become A Man That Commands Respect,2023-01-04,261361,19645,808,Jan
35,How To Look Confident If You‚Äôre Awkward,2023-01-03,345822,28896,1017,Jan
36,Why Men Are More Feminine Than EVER,2023-01-02,371311,28593,3188,Jan
37,Why Men Should NOT Show Emotion,2023-01-01,403126,33620,3274,Jan
38,How I Tricked My Brain To Like Doing Hard Things,2022-12-31,380150,28373,771,Dec
39,How To Fix Your Sleep Schedule (PROVEN Step-By-Step Guide),2022-12-30,494045,31436,1701,Dec
40,5 BIGGEST Reasons You Can‚Äôt Gain Muscle,2022-12-29,434687,31397,3652,Dec
41,THIS IS THE KEY TO FLIRTING WITH ANY GIRL,2022-12-28,557370,41492,1263,Dec
42,The 1 Trait That Separates Masculine Men From The Rest,2022-12-27,245764,18733,1019,Dec
43,Girls Ignore You? Listen To THIS!,2022-12-26,328062,24687,879,Dec
44,3 Ways to INSTANTLY Improve Your Looks - How to Become More Attractive,2022-12-25,907723,56072,1988,Dec
45,3 Common Mistakes That Destroy Your Dating Life,2022-12-24,276700,18943,796,Dec
46,7 Everyday Things DESTROYING Your Testosterone Levels!,2022-12-23,1005534,52419,1943,Dec
47,How HIGH Value MEN Deal With REJECTION,2022-12-22,213167,15740,722,Dec
48,How Long Does It Take To Get Jacked,2022-12-21,726798,40295,2257,Dec
49,8 Things Destroying Men‚Äôs Mental Health,2022-12-20,427894,28480,1731,Dec
50,8 Powerful Habits That Increase Your Masculine Energy,2022-12-18,724542,48336,2514,Dec
51,Meeting my fans IRL,2022-12-17,497174,28049,2096,Dec
52,3 SECRETS to AVOID DRY Text Conversations,2022-12-16,895635,63275,1830,Dec
53,7 Ways To Stop Giving A F,2022-12-15,570636,38424,1424,Dec
54,The Indian men in the bus,2022-12-15,920457,79651,1761,Dec
55,9 Books Every Aspiring Millionaire Must Read,2022-12-14,213814,16519,924,Dec
56,3 Proven Ways To Increase Your Testosterone Naturally,2022-12-13,576745,39612,2904,Dec
57,Don‚Äôt Settle For Unsupportive Women,2022-12-12,168852,12529,1007,Dec
58,Fight,2022-12-12,82248,2293,259,Dec
59,5 Dangerous Habits That Will Mentally Destroy You,2022-12-10,772894,55231,2522,Dec
60,15 Ways To INSTANTLY Be More Confident | How To Be Confident,2022-12-09,389843,28757,956,Dec
61,3 EASY TRICKS To Make First Dates Less AWKWARD,2022-12-08,271525,18380,738,Dec
62,How To Achieve 10x More Than Your Peers,2022-12-07,253987,19609,767,Dec
63,7 Skills That Will Make You RICH,2022-12-06,224496,17405,759,Dec
64,90% Of Men Are Lonely. What Are The Consequences?,2022-12-05,466290,32183,4177,Dec
65,Why I‚Äôve Started Reading The Quran,2022-12-04,591049,56095,12293,Dec
66,help us record videos rn,2022-12-04,61693,2917,165,Dec
67,Why Most People Will Remain in Mediocrity,2022-12-03,198045,15234,585,Dec
68,Atomic Habits Book Summary,2022-12-02,184399,13245,934,Dec
69,23 Life Lessons for Teenagers,2022-12-01,850699,61227,2047,Dec
70,The 4 Main Habits Of Rich People,2022-11-30,203420,16150,698,Nov
71,How They Keep You POOR! (Watch This To Become A MILLIONAIRE In 2023),2022-11-29,300904,23878,1327,Nov
72,12 Rules For Life by Jordan Peterson Explained Fully,2022-11-28,434448,28494,1176,Nov
73,4 Ways To Escape The Friend Zone,2022-11-27,333769,23363,942,Nov
74,How To Find Love & BUILD SEXUAL DESIRE In A Relationship,2022-11-26,323551,22960,793,Nov
75,BEST Workout & Diet ADVICE for DATING | How to Build Muscle & Lose Fat FAST,2022-11-25,321559,21612,606,Nov
76,How To Invest Your Money In Your 20‚Äôs,2022-11-24,227094,20699,1188,Nov
77,6 Bad Habits Keeping Men Weak,2022-11-23,1170023,59600,2720,Nov
78,3 Bad Habits That Make You Creepy,2022-11-22,755396,46560,2121,Nov
79,10 Signs She's NOT Into You,2022-11-21,833754,49614,1725,Nov
80,help us record videos rn,2022-11-21,66446,2827,66,Nov
81,How To Instantly Create Attraction With Women,2022-11-20,409670,29538,1119,Nov
82,TikTok Is Worse Than You Thought,2022-11-19,1169617,95945,7135,Nov
83,How To Become A Top 10% Man Who Gets Girls,2022-11-18,282202,20119,701,Nov
84,"Smartest Path To $10,000/Month In 2023",2022-11-17,600373,45957,1308,Nov
85,Make Her DESIRE YOU! - Easy Ways To Become More ATTRACTIVE TODAY,2022-11-16,696286,43564,696,Nov
86,help us record videos rn,2022-11-16,84105,4488,151,Nov
87,3 Morning Routine Habits Of Successful People,2022-11-15,192555,17773,650,Nov
88,5 Hidden Signs She Likes You,2022-11-14,692656,46723,1406,Nov
89,watch me record vids,2022-11-14,119302,7731,212,Nov
90,The MOST Seductive Trait In The World,2022-11-13,414566,25353,1621,Nov
91,Dopamine detox changed my life forever.,2022-11-12,563048,33696,1771,Nov
92,‚ÄúI was going to end my life‚Äù,2022-11-12,515643,53266,532,Nov
93,How to Improve Yourself Right NOW (And Why),2022-11-11,796500,67445,2647,Nov
94,4 Personality Traits To Make Any Woman Obsessed With You,2022-11-10,472775,31488,1308,Nov
95,Why The People Of NoFap Become Successful,2022-11-09,590602,43219,1687,Nov
96,The 9 RED FLAGS When Dating You Should NEVER IGNORE!,2022-11-08,685690,47201,2168,Nov
97,¬£5000 contest winner,2022-11-07,72574,3830,142,Nov
98,6 Reasons Girls Think YOU Are UNATTRACTIVE,2022-11-06,1125986,65566,1617,Nov
99,WHAT DO MASCULINE MEN FOCUS ON?,2022-11-05,305393,13479,298,Nov
100,You‚Äôve gotten complacent bro,2022-11-04,241699,17616,918,Nov
101,How To Stand Up For Yourself Without Being A Jerk,2022-11-03,414961,34166,841,Nov
102,3 Habits That Will Change Your Life,2022-10-31,253450,19589,800,Oct
103,BECOME THE STRONG MAN THEY NEED / TESTOSTERONE IS AT ALL TIME LOW,2022-10-30,294214,18330,611,Oct
104,7 Reasons People Dislike You Immediately,2022-10-29,831381,60656,1769,Oct
105,PSYCHOLOGICAL SECRETS OF ATTRACTION,2022-10-28,369546,28184,650,Oct
106,This is how Andrew Tate got rich (Unscripted by MJ Demarco),2022-10-27,932213,54612,2030,Oct
107,How to Easily Overcome Social Anxiety,2022-10-26,289039,24474,705,Oct
108,10 Years On YouTube.,2022-10-25,166228,15688,701,Oct
109,1 Million Subscribers,2022-10-24,246825,38214,3081,Oct
110,Full Masculinity Guide: Become A Man,2022-10-23,1576599,99896,5682,Oct
111,5 LIFE HACKS That Will MOTIVATE You To Do ANYTHING,2022-10-20,531772,49273,1393,Oct
112,HOW TO STOP BEING A NICE GUY,2022-10-17,1187316,84041,1720,Oct
113,WOMEN DON'T CARE ABOUT YOUR BODY?,2022-10-15,357692,21936,1838,Oct
114,Going Through A Breakup - What To Do,2022-10-13,210459,17633,1261,Oct
115,How Girls REALLY Want You To Talk To Them,2022-10-10,1643050,119872,2702,Oct
116,3 Years,2022-10-08,238731,22388,640,Oct
117,How to Win Friends and Influence People (EVERY PRINCIPLE),2022-10-06,473645,27294,640,Oct
118,How To Stop Procrastinating & Get Work Done - Deep Work by Cal Newport,2022-10-04,355606,22067,562,Oct
119,SAME JOB FOR THE REST OF YOUR LIFE?,2022-09-30,161895,12011,499,Sep
120,How To Take Back Control Over Your Life (Dopamine Detox Guide),2022-09-28,373134,24392,880,Sep
121,Full Social Skills Guide: How To Make Friends Online,2022-09-24,499517,30366,1307,Sep
122,This Is What Happens When You Go On Instagram,2022-09-21,263898,21125,928,Sep
123,WHEN WERE YOU LAST DEPRESSED?,2022-09-19,188950,13948,676,Sep
124,Hamza‚Äôs brutal kick compilation,2022-09-16,286353,11026,1235,Sep
125,Hamza 10 Minute Meditation Breathing Exercise (Follow every morning/night for mental health),2022-09-14,895005,32507,2154,Sep
126,Full Mental Health Guide For Men (This should be your priority right now),2022-09-14,1262165,64672,5445,Sep
127,WE DON'T NEED MEN,2022-09-09,291980,23083,1039,Sep
128,7 Habits That Will Fix Your Life,2022-09-06,1151379,84858,1752,Sep
129,How Many Subscribers Go To This Gym??,2022-09-05,129290,9428,435,Sep
130,Evil Strategies TikTok Uses To Keep You Hooked,2022-09-04,215989,19260,1069,Sep
131,NOBODY CARES ABOUT YOUR MUSCLES,2022-09-03,890987,45361,1353,Sep
132,Parents Really Give Their Children iPads To Play With‚Ä¶,2022-09-02,166613,15329,1079,Sep
133,Boys Without Father Figures,2022-09-01,146344,11327,1028,Sep
134,nature makes us happy,2022-08-31,317607,21280,1954,Aug
135,How To Grow A Beard,2022-08-30,305893,19521,1295,Aug
136,HOW TO MAKE OTHER MEN RESPECT YOU,2022-08-29,239331,17898,913,Aug
137,Hamza VS Sneako beef...,2022-08-28,248270,14610,644,Aug
138,"""I Started NoFap When I Was 13""",2022-08-28,426107,28095,2279,Aug
139,What Was Your Life Like Before Self-Improvement?,2022-08-28,54270,3444,252,Aug
140,YOU HAVE UNTAPPED POTENTIAL,2022-08-27,133454,12570,568,Aug
141,You Should Have A Say In Our Movement,2022-08-25,63545,5313,582,Aug
142,"My opinion on Andrew Tate, Sneako",2022-08-25,259199,14161,1155,Aug
143,"helping a homeless woman, starting an online business as a 17 year old (coaching livestream)",2022-08-24,99871,5464,160,Aug
144,Social Media Is Making Everyone Lonely,2022-08-23,236777,18958,853,Aug
145,losing a best friend,2022-08-22,268242,19722,1504,Aug
146,self improvement coaching,2022-08-21,163036,10010,291,Aug
147,WE‚ÄôRE ALL GONNA MAKE IT #zyzz,2022-08-20,154733,13694,607,Aug
148,I‚Äôm Scared Before Every Fight,2022-08-19,277325,21319,919,Aug
149,Strong Men Will Be Needed Soon,2022-08-18,184555,14415,1475,Aug
150,Tinder Is Brutally Annihilating Men‚Äôs Mental Health,2022-08-17,332612,20837,2075,Aug
151,Life Advice for Young Men,2022-08-16,247255,20795,1433,Aug
152,"when you both delete social media, have good mental health, eat clean, exercise, meditate & do yoga",2022-08-15,1025159,73277,4715,Aug
153,Women Are Clueless To Male Loneliness,2022-08-14,427068,31824,2543,Aug
154,QUIT SOCIAL MEDIA,2022-08-13,272329,25786,1145,Aug
155,Every Man's GREATEST Weakness,2022-08-12,840263,73095,2272,Aug
156,Why You‚Äôre In The Bottom 80% Of Men,2022-08-11,268209,20478,1309,Aug
157,6 Ways To Become The Top 10% of Men,2022-08-10,379801,30085,1191,Aug
158,They will try to get me killed,2022-08-09,210248,23626,3758,Aug
159,How to Meet More Women,2022-08-08,468202,38387,1473,Aug
160,This is our generations war.,2022-08-07,166212,14725,1617,Aug
161,LIFE IS WAR,2022-08-06,258123,22550,1132,Aug
162,Women watching porn is a problem,2022-08-05,189817,14638,1487,Aug
163,you‚Äôre worth more than social media makes you feel.,2022-08-04,152643,13397,1171,Aug
164,My 6AM Morning Routine For Self-Improvement,2022-08-03,843835,62505,1402,Aug
165,Stop Letting Other Men Pipe Your Wife,2022-08-02,344422,28623,3043,Aug
166,Emotional men are weak,2022-08-01,238961,21669,1217,Aug
167,I am banned on Instagram,2022-07-31,261145,23270,2806,Jul
168,LIFE IS TOO SHORT TO EXERCISE,2022-07-30,273366,25106,1017,Jul
169,Women Are More Disciplined Than Men These Days,2022-07-29,210213,18212,1214,Jul
170,Who Should Pay On A Date,2022-07-28,126586,10962,1143,Jul
171,Delete TikTok now,2022-07-27,490232,36225,3803,Jul
172,Are You Masculine Or Not? The Fastest Way To Tell If You‚Äôre Masculine,2022-07-26,316598,26937,1321,Jul
173,The BEST Green Flag In a Girl,2022-07-25,384046,34505,1169,Jul
174,My Generation Of Men Are Weak,2022-07-24,347637,28159,2287,Jul
175,TOXIC MASCULINITY,2022-07-23,366390,30504,1269,Jul
176,Nerds Are Now Alpha Males,2022-07-22,687321,48094,2823,Jul
177,What The Best Men Really Look Like,2022-07-21,254699,19616,748,Jul
178,I Need Your Help,2022-07-20,132139,13277,709,Jul
179,How To Not Waste Your 20s,2022-07-19,502942,40520,2848,Jul
180,Instagram banned me for this video,2022-07-18,354752,25750,3238,Jul
181,5 Skills All Young Men Should Learn,2022-07-17,401768,29688,1184,Jul
182,Don't Know What To Do With Your Life? Watch This (It‚Äôs Simple...),2022-07-16,178945,16016,697,Jul
183,How to Achieve Freedom Like A Top 1% Man,2022-07-15,226524,19766,1001,Jul
184,How to Look More Masculine,2022-07-14,236117,19114,793,Jul
185,The Secret To Stopping Procrastination,2022-07-13,111923,10375,377,Jul
186,How To Mew Properly,2022-07-12,862057,53429,1845,Jul
187,The Best NoFap Benefit,2022-07-11,973241,61559,1725,Jul
188,Align 100% Of Your Life To Your Purpose,2022-07-10,149443,12933,474,Jul
189,Never Apologize For Being A Man,2022-07-09,155622,12218,712,Jul
190,"""They Want To Keep You Poor!""",2022-07-08,129310,11489,666,Jul
191,Full Looksmaxing Guide: How To Be An Attractive Young Man,2022-07-07,1126533,68093,2086,Jul
192,"""I Got RICH When I Started DOING THIS!"" (Copy These Habits)",2022-07-06,93576,7254,393,Jul
193,How Overstimulation Ruins Your Life,2022-07-05,282953,23881,693,Jul
194,How I Increased My Testosterone,2022-07-04,961238,71451,2481,Jul
195,Looks Are More Important Than Ever,2022-07-03,174575,14042,1006,Jul
196,No One Will Respect You,2022-07-02,150459,10901,494,Jul
197,Western Women,2022-07-01,354239,19225,1679,Jul
198,How To Embrace Your Flaws,2022-06-30,111068,9646,702,Jun
199,PROTEIN POWDER IS NOT STEROIDS MOM,2022-06-29,78442,8303,751,Jun
200,Do Not Allow Your Brothers To Stay Weak,2022-06-28,117334,11088,515,Jun
201,The Way Of The Superior Man Full Book Guide,2022-06-27,388413,21612,674,Jun
202,Let's Talk About Women,2022-06-26,214876,13476,1001,Jun
203,How To Make Friends With High Value Men,2022-06-25,114200,8955,385,Jun
204,You Should Be More Cut Throat,2022-06-24,142957,11296,279,Jun
205,You Are The Most Submissive Man In Your Entire Bloodline,2022-06-23,217860,19693,1164,Jun
206,How Do I Start Self-Improvement Again,2022-06-22,172210,16060,704,Jun
207,Ambition Is Not Cringe,2022-06-22,94172,8792,460,Jun
208,Are You Ready For The Hard Times?,2022-06-21,137385,12762,658,Jun
209,You‚Äôre Dehydrated Whilst Reading This,2022-06-21,91763,8552,668,Jun
210,I Hope You Find Peace In Your Life,2022-06-20,82775,8020,343,Jun
211,"""THIS IS Why Most People Are LAZY & UNMOTIVATED IN LIFE!""",2022-06-20,93094,9164,697,Jun
212,How I Fixed Gynecomastia Without Surgery,2022-06-19,284457,14858,942,Jun
213,3 AWFUL Habits That Can Ruin Your Life,2022-06-18,71947,5817,336,Jun
214,How the comfort zone is ruining your life,2022-06-17,115822,9466,400,Jun
215,"Reacting to 1STMAN - Men, Work Now, Avoid Regret",2022-06-16,89611,6538,468,Jun
216,How to Meditate in Plain English,2022-06-15,231006,22273,823,Jun
217,"""This Is Why You FEEL LOST & UNHAPPY In Life"" - Fix This TODAY!",2022-06-14,99854,9278,372,Jun
218,Nobody Knows It's Men's Mental Health Month,2022-06-13,145836,13250,1178,Jun
219,Take Big Risks When You‚Äôre Young,2022-06-12,189553,16839,550,Jun
220,Why You're Lazy,2022-06-11,400764,30991,1005,Jun
221,I‚Äôm So Proud Of You,2022-06-10,109772,11925,484,Jun
222,What If Daddy Didn't Play With You,2022-06-09,105032,8839,656,Jun
223,Breathe Like A King,2022-06-08,219484,17919,781,Jun
224,How To Get Physical With A Woman You Just Met,2022-06-08,325851,22541,718,Jun
225,Don‚Äôt Be Friends With Rude People,2022-06-07,150002,12512,440,Jun
226,I Feel Bad For Students,2022-06-07,213521,17622,1551,Jun
227,You Will Never Be ‚ÄòBig Enough‚Äô,2022-06-06,89990,8194,464,Jun
228,Why I Don't Take Sponsorships,2022-06-06,67716,8470,553,Jun
229,Don't End Up Like Hamza,2022-06-05,205643,16836,1187,Jun
230,Stick Or Twist: The Only Philosophy You Need,2022-06-05,144351,13052,631,Jun
231,How To Stop Being A Doomer,2022-06-04,135079,11374,606,Jun
232,Self-Improvement Made My Life Worse,2022-06-04,444872,31121,1515,Jun
233,The World Is A Lot More Positive Than The Internet Makes You Think,2022-06-03,134527,13461,716,Jun
234,How To Get A Trad Wife,2022-06-03,133250,11789,1189,Jun
235,How To Be Less Feminine,2022-06-02,616664,49193,1969,Jun
236,Never Get Complacent,2022-06-02,235892,19883,969,Jun
237,"500,000 in July 2022",2022-06-02,62240,9113,1170,Jun
238,How To Make Your Voice More Attractive,2022-06-01,543277,42955,1342,Jun
239,Nobody Remembers The Cringy Things You Did,2022-06-01,130037,13073,652,Jun
240,Nobody Cares That You're A Virgin Bro,2022-05-31,149321,12581,1092,May
241,Don‚Äôt Listen To Alpha Males. Appreciate Your Girlfriend.,2022-05-31,247345,22280,1432,May
242,Don't End Up Like Sneako,2022-05-30,2100714,163503,7703,May
243,Why I Quit Playing Runescape,2022-05-30,98149,8184,480,May
244,Why You Can't Do Your Work,2022-05-29,184144,18822,561,May
245,Why Partying Is Overrated,2022-05-29,251800,20988,983,May
246,My 2 Year Self Improvement Journey,2022-05-28,133931,15121,875,May
247,This Is How You Join The Top 1%,2022-05-28,370858,30379,730,May
248,"""EVERYTHING You Think You Know About Yourself Is WRONG!""",2022-05-27,88111,9358,951,May
249,Politics Wants You To Be Depressed,2022-05-27,88455,9826,846,May
250,I Don't Want Any More Young Men To Kill Themselves,2022-05-26,115098,12076,761,May
251,How To Be More Masculine,2022-05-25,275277,24424,1048,May
252,Why Women Think You're Weird,2022-05-24,502225,34656,1335,May
253,I Thought My Girlfriend Was Cheating,2022-05-23,190993,17837,807,May
254,How To Get Girls If You're Short,2022-05-22,168819,15848,1809,May
255,MrBeast‚Äôs Secret To Success,2022-05-21,93115,9477,327,May
256,Why You Should Quit League Of Legends,2022-05-20,197453,16364,1039,May
257,I Had A Crush On A Girl For Months And Didn't Say Anything,2022-05-19,261757,22457,984,May
258,A Realistic Morning Routine You Can Try,2022-05-18,2210703,164799,2915,May
259,Reacting to Cringy Dating Advice,2022-05-17,381546,30643,793,May
260,Why It‚Äôs Important To Set Goals Right NOW,2022-05-16,180217,15939,687,May
261,Why Video Games Aren‚Äôt Fun Anymore,2022-05-15,288193,23367,1165,May
262,5 Habits That WILL Make You Rich,2022-05-14,165719,17811,690,May
263,Video Games Are A Fantastic Way To Cope With Being A Loser IRL,2022-05-13,176848,13879,1528,May
264,I Chose The Wrong Girl. This Is What Happened.,2022-05-12,252101,20441,736,May
265,9 Green Flags Every Girl Wants In A Guy,2022-05-11,632715,44191,1179,May
266,Why I Quit Playing Minecraft,2022-05-10,393812,33106,1369,May
267,Why You Don't Like Being You,2022-05-09,175989,17660,615,May
268,DO THIS Every Morning To Destroy LAZINESS & PROCRASTINATION Today!,2022-05-08,179317,18031,692,May
269,It‚Äôs Time To Get In Shape,2022-05-07,408803,31749,1119,May
270,Why You Should Start Your Self Improvement YouTube Channel,2022-05-06,94331,9605,404,May
271,Build A Body That Makes You Proud,2022-05-05,144748,14585,558,May
272,Your Growth Should Be Your Top Priority,2022-05-04,169089,17219,592,May
273,The Best Women Will Ruthlessly Test You,2022-05-03,233452,24011,1469,May
274,We Are The First Generation Of Men With No Purpose,2022-05-02,424752,41240,1701,May
275,Women Think 80% Of Men Are Ugly,2022-05-01,382690,32579,1523,May
276,My Ego Is Almost As Big As My PP,2022-04-30,116200,12899,801,Apr
277,Why Is It THIS HARD To Get Girls?,2022-04-29,194554,16765,711,Apr
278,Why You Should Quit Playing Video Games,2022-04-28,317323,21615,2661,Apr
279,STOP WASTING TIME,2022-04-27,283639,28525,863,Apr
280,Don't Compare. Compete!,2022-04-26,146252,15180,376,Apr
281,Same Guy Different Mindset,2022-04-25,633385,33693,234,Apr
282,Why are most people AFK?,2022-04-25,638171,37723,271,Apr
283,What If Your Boy Ends His Life Tonight?,2022-04-25,161940,19951,760,Apr
284,Why Is It So Easy To Stand Out These Days?,2022-04-24,421915,35176,1109,Apr
285,we have to stop Wheat Waffles,2022-04-24,1021547,50560,1716,Apr
286,@1STMAN,2022-04-23,816125,62793,364,Apr
287,Your Mother Wants You To Stay Weak,2022-04-23,272979,27997,1127,Apr
288,Amazing Friends Will Change Your Life. Here‚Äôs How To Get Them,2022-04-22,164821,15680,447,Apr
289,Improve Your Relationship With Your Parents,2022-04-21,97969,11491,397,Apr
290,Weak People Get Offended At Male Competition,2022-04-20,201642,22246,751,Apr
291,Is weed a drug?,2022-04-20,363143,25892,652,Apr
292,That Socrates quote,2022-04-20,385556,26887,227,Apr
293,Got bad grades?,2022-04-19,195812,12347,186,Apr
294,How To Stop Being Controlled By Your Phone,2022-04-19,346031,29500,608,Apr
295,Never let them stop you #shorts,2022-04-19,160206,9086,197,Apr
296,The Magic of Thinking Big #shorts,2022-04-19,126903,11145,99,Apr
297,8 Year Old Boys Are Watching Porn...,2022-04-18,309532,26520,1710,Apr
298,One book might save you 5 years #shorts,2022-04-18,221872,23253,227,Apr
299,How to find your purpose #shorts,2022-04-18,173577,11234,231,Apr
300,RED RED RED RED WHITE,2022-04-17,135435,12070,452,Apr
301,Why You Should Improve Your Social Skills,2022-04-16,273180,24076,667,Apr
302,Why you‚Äôll never get girls if you‚Äôre under 6‚Äô0,2022-04-15,549451,37952,2641,Apr
303,Post the time you were at your lowest‚Ä¶,2022-04-15,216812,9117,438,Apr
304,Forget everything else and start getting good sleep,2022-04-14,256328,23469,772,Apr
305,I lied when I said I was busy,2022-04-14,229171,26676,255,Apr
306,STOP WASTING YOUR MONEY,2022-04-13,122079,12648,654,Apr
307,War,2022-04-13,159890,11210,185,Apr
308,Bodybuilder reacts to Bad TikTok Gym Advice,2022-04-12,437528,30483,910,Apr
309,Forget about Will Smith and focus on yourself,2022-04-12,170277,12902,305,Apr
310,Hiring 2 video editors!!! Apply now,2022-04-11,49776,4316,190,Apr
311,Self Improvement is beautiful and I wish that for you,2022-04-11,233982,24815,1129,Apr
312,7 April 2022,2022-04-11,52902,4531,87,Apr
313,gym bros on their way to Valhalla,2022-04-10,113757,9066,149,Apr
314,Stop being a coward and start disagreeing with me,2022-04-10,119812,12008,1014,Apr
315,Stfu and lift some weights,2022-04-10,167520,6644,148,Apr
316,Don't Abandon Your Friends!,2022-04-09,153747,14976,620,Apr
317,Show yourself before the pandemic VS you now,2022-04-09,527507,27707,336,Apr
318,The exercise that broke me,2022-04-08,159626,13997,624,Apr
319,"I‚Äôm hiring a thumbnail editor, apply now",2022-04-08,39679,3119,153,Apr
320,Just stay focused you understand?,2022-04-08,131548,11473,253,Apr
321,Do the hard work‚Ä¶,2022-04-07,215369,11082,152,Apr
322,Don‚Äôt Look At Me Like That You Hateful Woman,2022-04-07,105246,10877,518,Apr
323,Why your crush stopped liking you back,2022-04-06,197227,18480,677,Apr
324,Can you hold a woman's eye contact?,2022-04-05,541862,37237,1132,Apr
325,My YouTube Mastermind - An exclusive brotherhood for 5 YouTubers to grow together #shorts,2022-04-04,46575,3699,203,Apr
326,Inner Jeffery Outer Chad,2022-04-04,125148,12466,448,Apr
327,31 March 2022,2022-04-04,68196,4785,114,Apr
328,Would You Penetrate Yourself?,2022-04-03,189982,17986,831,Apr
329,Practice makes perfect #shorts,2022-04-03,73084,4727,150,Apr
330,"""I don't watch Hamza's videos anymore""",2022-04-02,120611,13861,562,Apr
331,Make it rain #shorts,2022-04-02,116571,7654,134,Apr
332,I Don't Care About Will Smith Slapping Chris Rock,2022-04-01,130846,14725,935,Apr
333,gym bros be like #shorts,2022-04-01,91273,5533,414,Apr
334,How Instant Gratification Is Destroying The Planet,2022-03-31,205304,19748,655,Mar
335,Rest day #shorts,2022-03-31,90414,5558,144,Mar
336,Why are Chads killing themselves??,2022-03-30,446491,34153,2810,Mar
337,Welcome To The Cult.,2022-03-29,358713,42809,1624,Mar
338,DO THIS To Control Your Mind In MINUTES! (Unlock Your Mind),2022-03-28,91284,10320,415,Mar
339,Runescape Green Dragon Guide 500k per Hour,2022-03-27,117599,12657,965,Mar
340,You Will NEVER BE LAZY Again! (Unleash Your Super Brain),2022-03-26,109418,11147,452,Mar
341,Instagram video editor winner! #shorts,2022-03-25,67086,3634,109,Mar
342,ONE HOUR OF *THIS* CAN CHANGE YOUR LIFE,2022-03-25,140059,13346,577,Mar
343,Here's why you Relapse,2022-03-24,470058,33042,741,Mar
344,But You Still Have Small Legs,2022-03-23,111319,11229,489,Mar
345,You Aren't Good Enough Yet.,2022-03-22,232294,21571,591,Mar
346,Domestic Abuse Against Men is FUNNYüò°,2022-03-21,106539,11191,788,Mar
347,2 weeks can get you on the right path towards money and women,2022-03-20,255810,22192,705,Mar
348,Make Her Miss You,2022-03-19,283946,27152,652,Mar
349,Men and their podcasts #shorts,2022-03-19,148547,16924,342,Mar
350,If Your Girl is Low Qualityüëôü©≤,2022-03-18,160956,14755,700,Mar
351,Jeffrey vs Adonis,2022-03-17,461563,39999,1233,Mar
352,The Spiderman Movies Give False Hope to Young Men,2022-03-16,155767,15896,885,Mar
353,I Scammed You. I'm Sorryüòî,2022-03-15,108647,9759,502,Mar
354,She has bigger legs than me ü•≤ #shorts,2022-03-15,138807,7796,178,Mar
355,Why the media presents men as idiots,2022-03-14,86520,8801,485,Mar
356,Making my friend tap out #shorts,2022-03-14,70983,4410,96,Mar
357,The best relationship advice no one ever told you,2022-03-13,102337,10222,533,Mar
358,improve your social skills #shorts,2022-03-13,244179,20836,488,Mar
359,The only Youtuber that can change your life,2022-03-12,98876,12884,478,Mar
360,How much does Chad bench? #shorts,2022-03-12,74082,4716,81,Mar
361,A day of self improvement #shorts,2022-03-12,236253,26489,250,Mar
362,My PP didn't get hard with 12 girls,2022-03-11,219917,16733,686,Mar
363,Essentialism #shorts,2022-03-11,74771,5462,129,Mar
364,Semen Retention: Pay Yourself First,2022-03-10,182434,17001,742,Mar
365,Day in the life of a cult leader #shorts,2022-03-10,304042,21185,377,Mar
366,Your daughter will Date a Man just like You üíî Learning how to treat women (Don't Make her Suffer),2022-03-09,99823,11117,504,Mar
367,BECOME ADONIS #shorts,2022-03-09,266533,27668,406,Mar
368,What A Top 1% Man Looks Like,2022-03-08,1140515,60230,1722,Mar
369,2 Muslim Women in the Jacuzzi,2022-03-07,210445,21454,2142,Mar
370,WHY IS HAMZA EATING PIZZA???,2022-03-06,156754,15565,656,Mar
371,How Millionaires Stay Focused @ImanGadzhi,2022-03-05,125269,11132,346,Mar
372,Cult meetup in Amsterdam #shorts,2022-03-05,92391,9297,412,Mar
373,President Zelensky - Hard Times Create Strong Men,2022-03-04,119472,13445,1477,Mar
374,Stick or Twist - Hardest Decision in a Man's Life,2022-03-03,123188,12149,469,Mar
375,Good VS Evil,2022-03-03,241911,21351,664,Mar
376,IF I DIE PLEASE WATCH THIS VIDEO,2022-03-02,125313,16284,673,Mar
377,Shortcuts are for LOSERS,2022-03-01,133839,14739,404,Mar
378,Day in the life & 300k subscribers! #shorts,2022-02-28,75918,5604,188,Feb
379,Retire Your Mother Motivation @ImanGadzhi,2022-02-28,73691,8459,366,Feb
380,How They Keep You POOR! (Watch This To Become A MILLIONAIRE In 2023),2022-02-27,92856,9674,360,Feb
381,This song makes leg day feel like you‚Äôre going to war #shorts,2022-02-27,111424,6338,274,Feb
382,"I made $100,000 from YouTube last year",2022-02-26,71080,7262,339,Feb
383,2 years ago I had 0 friends #shorts,2022-02-25,270896,13241,448,Feb
384,Ambition gets you GIRLS!,2022-02-25,112743,12149,458,Feb
385,Finding your Purpose: The Meaning of Human Life ‚≠êÔ∏è What is the Real Goal of Existence?,2022-02-24,90078,8969,457,Feb
386,2 weeks can change your life,2022-02-23,448242,41159,1277,Feb
387,This man-hating feminist tried to mock us #shorts,2022-02-23,508193,32110,1134,Feb
388,"""I bet you have nice tits""",2022-02-22,479700,32985,912,Feb
389,90% of Men are LAZY and UNATTRACTIVE,2022-02-21,349502,28043,861,Feb
390,BIGGEST Dating Problems: Why 80% Of People CAN'T FIND LOVE!,2022-02-20,106551,8782,561,Feb
391,They want you to be alone #shorts,2022-02-20,249036,23961,407,Feb
392,Get Rich Motivation: Be Tired of Being Broke! üí∏ Building Habits That Will Lead to Financial Freedom,2022-02-19,102806,11141,350,Feb
393,OVERSTIMULATION IS RUINING YOU.,2022-02-18,166975,17319,704,Feb
394,Men HAVE to work harder,2022-02-17,388910,33949,1819,Feb
395,Most Guys Still FAP,2022-02-16,187118,18249,951,Feb
396,Be Like Adonis,2022-02-15,412945,34747,729,Feb
397,Your Dating Problems are SOLVED When You Become A Strong Man,2022-02-14,275668,24278,950,Feb
398,Make Men Strong Again.,2022-02-13,327512,28043,702,Feb
399,Are Women Your God? ‚ö°Ô∏è The Dangers of Too Much Devotion to Hooking Up (Men's Personal Development),2022-02-12,84656,8346,524,Feb
400,GET FEATURED IN A HAMZA VIDEO #shorts,2022-02-12,54067,5456,205,Feb
401,Casual Sex Destroys your Soul and Nation,2022-02-11,96515,9176,767,Feb
402,You're *PROBABLY* a LOSER,2022-02-10,117678,12665,579,Feb
403,The Modern World Wants You To Be Weak #shorts,2022-02-10,3421576,268946,9565,Feb
404,SACRIFICE COMFORT FOR YOUR FUTURE,2022-02-09,159402,16321,797,Feb
405,"""This Advice Won't Work for a 5'2 Brown Guy""",2022-02-08,154823,13346,2071,Feb
406,when you build the physique your younger self visualised,2022-02-07,140142,9745,258,Feb
407,I LOVE WEIGHTLIFTING,2022-02-07,154707,13661,620,Feb
408,They're holding you back,2022-02-06,231457,18100,563,Feb
409,Most men are WEAK and USELESS...Are you?,2022-02-05,315925,26430,1482,Feb
410,How to take back CONTROL over YOUR LIFE,2022-02-04,979042,72350,1674,Feb
411,I WANT MORE TESTOSTERONE,2022-02-03,192689,15371,1239,Feb
412,How To Be Fearless Under Pressure,2022-02-02,268264,20698,771,Feb
413,How to ACTUALLY stop Wasting Time on YOUTUBE,2022-02-01,221344,19066,598,Feb
414,Bulking results #shorts,2022-02-01,109798,7880,389,Feb
415,RECLAIM YOUR MALE AGGRESSION...,2022-01-31,436704,35225,1336,Jan
416,Law #4 Always Say Less Than Necessary,2022-01-30,82822,7593,279,Jan
417,This Is Why 80% Of Relationships DON'T LAST (Fix This Today!),2022-01-29,151755,12299,605,Jan
418,Do You Really Need to Move Out of Your Parent's House? üè° The Cost of independence,2022-01-28,129408,11113,737,Jan
419,How I Improved My Sleep (Sleeping Efficiently) ‚è≥ Tips to Get Rid of Insomnia Naturally,2022-01-27,269699,22708,673,Jan
420,Watching sports is the same as watching porn #shorts,2022-01-25,67740,3992,1153,Jan
421,The Secret to Success: Psycho-Cybernetics - Book Summary üìö Success Advice: Change Your Mindset First,2022-01-24,119588,11427,401,Jan
422,You're NOT special,2022-01-23,137328,15255,596,Jan
423,I READ 1000 HATE COMMENTS ü™ì ****** HURTS,2022-01-22,70829,7510,462,Jan
424,This Makes You Lethal,2022-01-20,99500,10690,773,Jan
425,RELATIONSHIP MISTAKES YOU'RE MAKING,2022-01-19,312223,23217,926,Jan
426,How to ACTUALLY be more DISCIPLINED,2022-01-18,295575,26846,787,Jan
427,STOP over complicating deadlifts! #shorts,2022-01-18,1416462,84742,488,Jan
428,get into the top 20% of men ASAP #shorts,2022-01-17,127049,13639,342,Jan
429,starting weightlifting was the best thing I‚Äôve done #shorts,2022-01-16,146668,11287,353,Jan
430,Stop Cheating on your Diet! üç∞ Break the Cycle of Binge Eating and Guilt (Resisting to Junk Food),2022-01-15,103309,9630,448,Jan
431,YOU ARE COMPETING AGAINST OTHER MEN (whether you admit it or not) #shorts,2022-01-14,83965,9071,251,Jan
432,How to start going to the gym for beginners,2022-01-14,156450,13133,522,Jan
433,"focus on having fun, she‚Äôll come to you #shorts",2022-01-13,94498,9923,173,Jan
434,Why Men Hate Women Today,2022-01-13,144704,11415,1467,Jan
435,your dream girl is outside but you probably wouldn‚Äôt let her in #shorts,2022-01-12,189267,21535,420,Jan
436,"SHE DOESN‚ÄôT LIKE YOU BRO, MOVE ON #shorts",2022-01-11,119779,13431,559,Jan
437,How to Influence Your Friends to Get Into Self-Improvement üéØ (Without Pushing Them Away),2022-01-11,60075,6314,297,Jan
438,when the cult members come through for ya boy ü§£ #shorts,2022-01-10,76805,6852,321,Jan
439,How YOU Can Stop Wasting Your Life (a guide to 2022),2022-01-10,213296,19166,510,Jan
440,WHAT NOFAP YOUTUBERS AREN'T TELLING YOU,2022-01-09,1468489,98345,2853,Jan
441,where‚Äôs the long videos are bro?? #shorts,2022-01-08,45244,4498,315,Jan
442,Why You Should Focus On Getting Girls (for a little while),2022-01-08,437082,33485,1041,Jan
443,current physique #shorts,2022-01-07,58140,2725,242,Jan
444,I don't like how I look,2022-01-07,191436,15825,521,Jan
445,the future of sex & dating is incredibly dark and dangerous #shorts,2022-01-06,71200,5455,538,Jan
446,when you get your boy watching Hamza videos #shorts,2022-01-05,50913,3873,127,Jan
447,"I Dressed like an INFLUENCER for a WEEK, Here's What Happened!",2022-01-05,246042,17362,557,Jan
448,How to START APPROACHING WOMEN (RESULTS GUARANTEED!!),2022-01-04,876274,61189,1575,Jan
449,what do you think she's doing? #shorts,2022-01-03,375757,12798,559,Jan
450,DO YOU HAVE AN ATTRACTIVE FACE? THE ONLY 6 THINGS THAT MATTER!!,2022-01-03,1647171,95061,2601,Jan
451,Can Love Make You Poop Yourself? #shorts,2022-01-02,42406,2970,97,Jan
452,The GREATEST Nofap Benefit (I WAS WRONG!),2022-01-01,401984,29870,982,Jan
453,Should You Date or Focus on Yourself?,2021-12-31,276318,24930,931,Dec
454,Productivity Tips from The 4 Hour Work Week (By Tim Ferris) üìô How to Maximize Free Time - Summary,2021-12-30,111094,10633,384,Dec
455,the most important thing you need to do for self improvement #shorts,2021-12-29,59639,6518,139,Dec
456,How I Grew My Arms by 6 Inches üí™üèΩ Workouts that Really Works for Getting Bigger Arm Muscles,2021-12-28,178092,12203,474,Dec
457,THE FASTEST MUSCLE GUIDE ON YOUTUBE,2021-12-27,76393,7179,253,Dec
458,is this your cult leader?,2021-12-26,55658,2580,167,Dec
459,How to stay CALM in stressful situations,2021-12-25,102484,9951,332,Dec
460,who‚Äôs gonna tell Younger Hamza we made it? #shorts,2021-12-25,40505,3208,98,Dec
461,Dirty Bulking vs Clean Bulking: What Should You Do? ü•© How to Fuel Your Body While Putting on Muscle,2021-12-23,117514,9689,458,Dec
462,Why you SHOULD be a Gentleman,2021-12-20,280468,23568,1000,Dec
463,EATING CARROTS FOR 24 HOURS ü•ï THIS IS WHAT HAPPENED!!!,2021-12-19,90008,7809,360,Dec
464,when you meet another red pilled guy,2021-12-18,106649,7889,243,Dec
465,I Bet You Love Being A Soyboy,2021-12-14,263299,18850,681,Dec
466,is this a 10/10 physique?,2021-12-14,316519,17365,616,Dec
467,I LEARNED THIS THE HARD WAY!!!,2021-12-13,762308,50640,1335,Dec
468,when you try to convince your friend to start watching Hamza vids,2021-12-12,87570,11065,250,Dec
469,Upgrade Your Self Image with Visualisation ‚úÖ Hamza's Success Advice for Students & Young People,2021-12-12,107008,11578,346,Dec
470,How to actually MAKE FRIENDS in the GYM,2021-12-11,101387,9144,431,Dec
471,‚ÄúEveryone has abs you just have the lose the fat‚Äù,2021-12-09,219185,23453,553,Dec
472,guys who mew be like,2021-12-08,414209,30042,707,Dec
473,How to STOP Procrastination and START taking action,2021-12-07,59272,6604,275,Dec
474,my instagram‚Ä¶,2021-12-06,35484,1972,54,Dec
475,Why Fitness is so IMPORTANT for young men,2021-12-06,120637,11576,480,Dec
476,How important is sleep for building muscle?,2021-12-03,226630,18630,571,Dec
477,6 BEST Green Flags in Girls... You SHOULD Ask These Girls Out,2021-12-02,1252203,90052,2616,Dec
478,"Are you feeling behind in life bro? You're literally 2 years old, go easy on yourself",2021-12-01,379543,30228,1189,Dec
479,Top 6 Exercises that make you look more attractive,2021-11-30,200842,17282,474,Nov
480,Nofap: 99% of Men Are Clueless (No Fap Benefits Timeline),2021-11-27,819662,62080,2676,Nov
481,Video Games: A temporary escape from your Traumatised Life,2021-11-26,299939,24726,1763,Nov
482,"""Men Should Be More Feminine""",2021-11-21,242063,19973,1322,Nov
483,How To Find Your True Passion in Life (Feeling Directionless In Life?),2021-11-20,149787,13173,552,Nov
484,"Red Pill YouTubers are Traumatized (Fresh & Fit, AMS, The33Secrets, FITXFEARLESS)",2021-11-19,310883,24914,1851,Nov
485,"""I feel too tired to exercise""",2021-11-18,176300,15983,673,Nov
486,"Stop Hustle Culture, Start Holistic Self Improvement",2021-11-16,95904,9475,304,Nov
487,FATHERLESS,2021-11-15,62775,3250,85,Nov
488,3 Struggles You'll Go Through When You Start Lifting Weights,2021-11-14,406636,27096,1055,Nov
489,Simple Tricks To Double Your Productivity,2021-11-10,136007,12828,336,Nov
490,At Least 400 subs ü§£ #shorts,2021-11-08,35803,2697,105,Nov
491,Full Guide To Being A Teenager,2021-11-07,1442569,114836,5011,Nov
492,Nobody Looks Like an Instagram Model,2021-11-06,177246,14528,570,Nov
493,listening to minecraft music made me cry... Minecraft Nostalgia,2021-11-03,59700,4924,355,Nov
494,Hiring a 3rd video editor. Send your application in! #shorts,2021-11-03,17759,1011,97,Nov
495,Will Building Muscle ACTUALLY help?,2021-10-30,169807,12607,588,Oct
496,I Don't Have All the Answers,2021-10-28,79838,9562,928,Oct
497,What To Do When Your PARENTS Cook For You,2021-10-24,181451,14221,615,Oct
498,"Best Tinder Advice Ever - How to actually get Tinder matches, what to say to girls, what Tinder bio",2021-10-21,80835,4655,237,Oct
499,Hamza VS The Black Pill Incel ft. Wheat Waffles,2021-10-18,239388,8172,1266,Oct
500,Don't make this mistake.,2021-10-14,176147,14981,476,Oct
501,Why You Shouldn‚Äôt Have Cheat Days,2021-10-11,90979,9035,469,Oct
502,Why I'm Considering Religion,2021-10-10,148392,13992,2773,Oct
503,How To Make a Fading Relationship Last Longer #shorts #yohamza,2021-10-10,45826,3836,80,Oct
504,‚ÄúHow do I get the hunger to become a productivity God?‚Äù #shorts #YoHamza,2021-10-08,48323,4323,92,Oct
505,"This Habit Is Better Than $30,000",2021-10-06,81600,7796,376,Oct
506,Hard Times Create Strong Men - Why Men are Becoming Weaker everyday,2021-10-02,318704,26912,1259,Oct
507,The Most IMPORTANT 5 minutes of my day (Improve your Mental Health!),2021-09-28,139717,14071,290,Sep
508,Why we need to bring back BODY SHAMING,2021-09-25,167948,17908,729,Sep
509,YOU NEED TO BULK : Why you DONT Deserve a CUT | Hamza Ahmed,2021-09-22,575880,38506,1788,Sep
510,How to Speak with Charisma: Public Speaking Tips | Hamza Ahmed,2021-09-21,341288,28537,697,Sep
511,Life Is A Video Game But Only Some Men Are Levelling Up | Hamza Ahmed,2021-09-19,89442,7682,293,Sep
512,3 Passive Income Ideas: How To Make More Money than Ever (My Earnings),2021-09-17,815505,82974,1598,Sep
513,How To Attract A High Quality Woman | Hamza Ahmed,2021-09-15,596249,36801,1318,Sep
514,"The Perfect Diet For Health, Muscle Gain & Fat Loss",2021-09-11,3587755,150797,5035,Sep
515,This Is Why You Should Journal,2021-09-05,108315,9085,186,Sep
516,How to Balance Self Improvement with Friends and Dating: Work-Life Balance | Hamza Ahmed,2021-09-03,135293,11565,352,Sep
517,Day In The Life of a Cult Leader: An Insanely Productive Day in my Life | Hamza Ahmed,2021-09-01,150141,8446,399,Sep
518,Big Ambitions No Action: How To Actually Get Out of a Rut | Hamza Ahmed,2021-08-30,187433,14765,422,Aug
519,How To Actually Invest Your Money,2021-08-28,136970,13174,726,Aug
520,"You realize you‚Äôre talking to a real person, right?",2021-08-26,126679,8699,620,Aug
521,Let‚Äôs talk about women,2021-08-25,40438,1246,156,Aug
522,"""This KEEPS 99% of People Single!"" - FIX THIS TO FIND LOVE",2021-08-25,78301,7088,361,Aug
523,How To Actually Win A Street Fight,2021-08-23,2774983,148396,4755,Aug
524,DON'T EAT LIKE THIS!!,2021-08-22,64289,5072,258,Aug
525,Weed.,2021-08-20,126613,9191,794,Aug
526,REGRET IS WORSE THAN REJECTION: Talk To Her!,2021-08-18,137447,12300,466,Aug
527,"""I HAVE NO CHOICE"" Self Improvement Success Motivation",2021-08-16,91771,6305,304,Aug
528,The Self Improvement Relationship Trap,2021-08-15,169432,12789,475,Aug
529,Asian Family Problems,2021-08-14,132767,9605,625,Aug
530,DEPRESSION BROSCIENCE,2021-08-13,100610,8549,327,Aug
531,How to do Visualisations for Success,2021-08-11,52802,4642,142,Aug
532,"""I have free time but nothing to do""",2021-08-09,452072,35873,1203,Aug
533,How Young Men Can Stop Being Creepy To Girls,2021-08-08,473950,36905,913,Aug
534,Feeling Awkward?,2021-08-07,336391,27561,632,Aug
535,Getting Relationship Therapy,2021-08-06,20842,934,101,Aug
536,"How I Made $25,000 In 1 Month | Hamza Ahmed",2021-08-05,207285,17097,635,Aug
537,Why You Get Rejected By Girls,2021-08-04,239238,16982,603,Aug
538,Why You're Not Making Progress,2021-08-03,139568,10505,474,Aug
539,Not Good Enough,2021-08-02,46018,3997,343,Aug
540,Life Changing Books,2021-07-31,130963,8017,444,Jul
541,The conversion has begun,2021-07-30,53371,2473,615,Jul
542,Live-streaming right now - get ya daily self improvement knowledge #shorts,2021-07-28,11787,462,9,Jul
543,Skinny fat body transformation 8 years,2021-07-28,105187,5129,311,Jul
544,How to Make Friends and Get Girls in University (Degenerate UK University Guide),2021-07-27,192427,11011,721,Jul
545,Sperg Livestream,2021-07-25,8046,280,53,Jul
546,Banish Negative People,2021-07-24,90525,7099,368,Jul
547,It's Not Hard To Get Into The Top 20% Of Men | Hamza Ahmed,2021-07-23,512881,33307,1856,Jul
548,Sex Education Lecture - First Livestream,2021-07-22,51852,2604,183,Jul
549,Why I listen to the same song every morning,2021-07-21,56696,4641,308,Jul
550,I want to be better than other men - Ego is the enemy?,2021-07-20,81822,6711,370,Jul
551,I did NoFap / Semen Retention for 2 MONTHS,2021-07-19,365590,20706,789,Jul
552,MEN NEED TO STOP USING DATING APPS...,2021-07-18,128436,7393,603,Jul
553,Gratitude #shorts,2021-07-18,26754,2050,383,Jul
554,How To Actually Text Girls,2021-07-17,1685967,107357,2818,Jul
555,Social Anxiety Lecture,2021-07-15,44013,1961,168,Jul
556,How to actually find out what to do with your life (NO BULLSH*T GUIDE),2021-07-14,53331,3573,92,Jul
557,How to move on,2021-07-14,205377,11723,446,Jul
558,Porn...,2021-07-13,193045,13402,530,Jul
559,How To Build An Aesthetic Body PART 2 (No Bullsh*t Guide) | Hamza Ahmed,2021-07-10,414030,30250,2329,Jul
560,Your Sexual Market Value & Why Girls Don't Like You | Hamza Ahmed,2021-07-09,232282,15994,885,Jul
561,You MUST Polarize Women | Hamza Ahmed,2021-07-08,221139,15565,419,Jul
562,20k Q&A (Don't watch next to your parents) | Hamza Ahmed,2021-07-06,77420,4028,278,Jul
563,The 'Why Self Improvement Is Ruining Your Life' Frauds,2021-07-05,80958,5893,339,Jul
564,My Life Changing Dopamine Detox Story | Hamza Ahmed,2021-07-04,830163,48079,1796,Jul
565,Hamza's Lecture on Managing Friendships - Self improvement lecture,2021-07-03,18982,748,41,Jul
566,What if you meditated for 6 months? | Hamza Ahmed,2021-06-30,55655,4499,214,Jun
567,today i hit 20k subscribers,2021-06-28,7880,910,212,Jun
568,How To Be The Most Powerful Person In The Room,2021-06-27,74861,5936,213,Jun
569,Podcast with my ex girlfriend | Hamza Ahmed,2021-06-26,606044,15304,2069,Jun
570,A different kind of workout (Free outdoor workout routine) | Hamza Ahmed,2021-06-25,46739,2998,139,Jun
571,DO NOT CHASE WOMEN (Chase excellence not women) | Hamza Ahmed,2021-06-23,99703,7320,191,Jun
572,How to actually boost confidence (No Bullsh*t Guide) | Hamza Ahmed,2021-06-22,198591,14748,333,Jun
573,Emotional Podcast with Video Editor Sam - Sam Harbonator (The Unfiltered Section Podcast #5),2021-06-20,75436,3185,223,Jun
574,Worst Aesthetic Body Mistake - Trusting Reddit or even YouTube | Hamza Ahmed,2021-06-19,146943,8397,395,Jun
575,If I Started Self Improvement Again... | Hamza Ahmed,2021-06-17,122860,7604,269,Jun
576,Don't tell people about your goals,2021-06-15,21679,1870,70,Jun
577,"If You Feel LOST, LAZY & UNMOTIVATED In Life, WATCH THIS!",2021-06-13,10412,841,32,Jun
578,Red Pill VS The Black Pill w/ Wheat Waffles (The Unfiltered Section Podcast #4),2021-06-12,475445,18347,6048,Jun
579,A Man Cannot Rise Above How He Sees Himself (How to change your self image),2021-06-11,153759,12810,287,Jun
580,"Happy birthday sexy, read the blue journal",2021-06-10,3408,139,31,Jun
581,You were taught to avoid failure rather than chase success,2021-06-07,20831,1976,37,Jun
582,DO THIS To Control Your Mind In MINUTES! (Unlock Your Motivation),2021-06-06,15367,1416,37,Jun
583,Don't Trust YouTubers.,2021-06-03,18975,1790,91,Jun
584,"Impress yourself, not girls",2021-05-31,138059,11244,206,May
585,Are you stuck in the self improvement depression? (My most raw video yet),2021-05-30,614589,46146,1280,May
586,"Social skills lecture - How to make friends online, how to level up your listening skills",2021-05-29,32283,1694,45,May
587,How To Level Up Your Willpower (Increase willpower to succeed whilst others fail),2021-05-27,69613,6663,160,May
588,What happens when you reset a 1 YEAR nofap streak?,2021-05-24,176356,12195,299,May
589,How To Enter A Deep Work Flow (Best Schedule For Maximum Productivity),2021-05-23,203304,14487,219,May
590,what your big brother should have said to you,2021-05-20,19133,2290,74,May
591,REPROGRAM Your Mind To DESTROY LAZINESS & PROCRASTINATION Today!,2021-05-17,8179,679,25,May
592,Pride is a sin,2021-05-16,73279,5724,202,May
593,Why you Struggle with Self Improvement,2021-05-14,38760,3282,274,May
594,"How to work less but earn more money - A guide to minimalism, escaping the 9-5 rat race",2021-05-11,59276,4539,126,May
595,neediness is normal,2021-05-09,17787,1214,27,May
596,The daydreaming disease,2021-05-07,211008,19056,364,May
597,i don‚Äôt want to work all day,2021-05-04,11748,958,63,May
598,my morning routine for maximum productivity,2021-05-02,179342,14962,241,May
599,Why you still obsess over her - How to stop obsessing over your ex,2021-04-30,109357,7954,223,Apr
600,How to help your friends on their self improvement (Become a influential self improvement coach),2021-04-28,36086,2458,88,Apr
601,hammie outtakes,2021-04-26,2971,252,16,Apr
602,The SECRET To Completely Healing Your BODY & MIND,2021-04-25,19761,1054,56,Apr
603,Sex & Ego with Kamani Randall (The Unfiltered Section Podcast #4),2021-04-24,3079,144,6,Apr
604,How to start journaling,2021-04-23,297559,26231,572,Apr
605,How to start meditating,2021-04-22,265001,24279,387,Apr
606,How to start exercising,2021-04-21,161544,11523,381,Apr
607,How to say no to people - The skill of rejecting,2021-04-18,471139,33132,553,Apr
608,Red pill mindset with Joshua Chisambo (The Unfiltered Section Podcast #2),2021-04-17,15406,621,30,Apr
609,Advice to a struggling 21 year old with Joshua Chisambo (The Unfiltered Section Podcast Highlight),2021-04-16,1349,57,1,Apr
610,"What to do when you get zeroed out (Losing everything after a bad breakup, drugs, business mistake)",2021-04-16,25586,1966,178,Apr
611,Self improvement is for losers,2021-04-15,11638,924,50,Apr
612,DO THIS To Organize Your Mind & ACHIEVE ANYTHING You Want!,2021-04-13,6741,560,38,Apr
613,Why is getting laid your main goal?,2021-04-11,272434,19081,745,Apr
614,Discussing Discipline With A Royal Marine: Jack Fleckney (The Unfiltered Section Podcast #1),2021-04-10,6107,360,6,Apr
615,Former Royal Marines advice to young men (Jack Fleckney) - Podcast Highlight,2021-04-10,4801,261,10,Apr
616,Rites of passage,2021-04-09,3128,261,24,Apr
617,Stop being a consumer,2021-04-07,110602,9935,309,Apr
618,Why I eat nothing on Mondays,2021-04-05,71218,4510,245,Apr
619,I'm starting a cult. Here's my honest plan.,2021-04-04,107337,7080,512,Apr
620,Becoming a Digital Nomad with Eron Edwards (The Unfiltered Section Podcast #3),2021-04-03,4104,141,11,Apr
621,Advice for a directionless young man with Eron Edwards (The Unfiltered Section Podcast Highlights),2021-04-03,1290,76,17,Apr
622,How to watch my videos,2021-04-02,17442,1908,72,Apr
623,Complete guide to becoming the tribe leader (How to become popular),2021-03-31,236778,14421,546,Mar
624,why?,2021-03-29,11041,1242,44,Mar
625,How to Hack Your Habits,2021-03-28,18589,1621,50,Mar
626,Video Gamers Won't Admit This...,2021-03-26,301560,22555,2509,Mar
627,Self Improvement YouTubers Dilemma (How to die whilst you're still alive),2021-03-24,10193,1047,90,Mar
628,I STOPPED waking up early for 1 month (sleep experiment),2021-03-22,50793,3566,155,Mar
629,TESTOSTERONE BROSCIENCE: Increase your testosterone and stop being a beta male,2021-03-21,183354,14349,472,Mar
630,Why dopamine detoxing wont work for you,2021-03-20,16763,1401,63,Mar
631,How to remember what you read (and actually use it to improve your life),2021-03-17,464112,31831,378,Mar
632,DOPAMINE DETOX: Take Back CONTROL Of Your Life & STOP LAZINESS!,2021-03-15,53859,4163,114,Mar
633,Become A Savage & Live On Your Own Terms!,2021-03-14,7092,558,19,Mar
634,"This Is Why You FEEL LOST, LAZY & UNMOTIVATED In Life...",2021-03-12,6422,501,19,Mar
635,What does living with anxiety feel like?,2021-03-10,17845,1346,62,Mar
636,you don‚Äôt need the internet to have fun,2021-03-10,5182,326,26,Mar
637,Your competition,2021-03-08,138381,10709,196,Mar
638,Riley Testimonial,2021-03-08,1284,47,10,Mar
639,What your father should have taught you,2021-03-07,21728,2196,92,Mar
640,How To Be The Coolest Guy In The Room,2021-03-05,11402,1123,49,Mar
641,Why do men look younger now?,2021-03-03,593020,40002,3128,Mar
642,Clark Testimonial,2021-03-02,3357,64,8,Mar
643,Tan testimonial,2021-03-02,4230,49,5,Mar
644,Umesh testimonial,2021-03-02,9562,155,4,Mar
645,Michael Testimonial,2021-03-02,3869,113,2,Mar
646,Kurt Testimonial,2021-03-02,2226,51,2,Mar
647,Sean Testimonial,2021-03-02,2861,75,6,Mar
648,Dear Future Me (Scheduled Uploaded 6 Months Ago),2021-03-01,4259,249,40,Mar
649,Men learn from their mistakes. Wise men learn from the mistakes of others.,2021-03-01,192411,11787,421,Mar
650,Why you binge eat,2021-02-28,8149,504,25,Feb
651,Society Failed MEN.,2021-02-26,3700606,235090,8813,Feb
652,This Is Why You DON'T SUCCEED! (Don't Let This HOLD YOU BACK From Success),2021-02-24,3989,379,24,Feb
653,7 ways to be happy,2021-02-22,39904,3029,76,Feb
654,You Will NEVER BE LAZY Again! (Unleash Your Super Brain),2021-02-21,11353,1037,39,Feb
655,All of this was planned. Believe in yourself.,2021-02-19,3392,250,30,Feb
656,Join our Discord server now,2021-02-18,1673,73,12,Feb
657,How I keep myself accountable for self improvement,2021-02-17,23691,1861,51,Feb
658,Can you listen to music on a dopamine detox?,2021-02-15,135157,9198,161,Feb
659,Why your life is so boring,2021-02-14,62341,5073,111,Feb
660,5 Principles of Masculinity: How to be more masculine,2021-02-12,192813,13290,246,Feb
661,Everything is a distraction from your purpose,2021-02-10,44915,3069,107,Feb
662,This Simple Trick Will Keep You Motivated Everyday,2021-02-08,17766,1655,50,Feb
663,How I Destroyed My Lizard Brain (You MUST Do This),2021-02-07,1390061,65037,2164,Feb
664,"How I significantly reduced how long I watch Youtube (long term fix, not app blockers)",2021-02-05,16785,1654,58,Feb
665,"""I CAN'T SLEEP WITHOUT FAPPING FIRST""",2021-02-04,17130,881,39,Feb
666,This Is Why You DON'T SUCCEED! (Don't Let This HOLD YOU BACK From Success),2021-02-03,9605,644,47,Feb
667,The lone wolf dies alone,2021-02-01,57057,4335,147,Feb
668,How To Look Confident If You‚Äôre Awkward,2021-01-30,20402,1665,60,Jan
669,A Habit You Simply MUST Develop,2021-01-29,13507,782,52,Jan
670,How to get into social flow state,2021-01-28,125659,8539,176,Jan
671,YOU'LL NEVER PLAY VIDEO GAMES AGAIN AFTER WATCHING THIS,2021-01-27,148784,9740,637,Jan
672,Self improvement enables you to have better relationships,2021-01-25,17363,1141,47,Jan
673,The procrastination cure you don't want to hear,2021-01-24,38615,3992,76,Jan
674,How To Become A Man Women Are Obsessed With,2021-01-23,35381,3142,64,Jan
675,"If You Want To COMPLETELY CHANGE Your Life In 14 Days, WATCH THIS!",2021-01-22,20591,1558,42,Jan
676,Bad habits that destroy your confidence,2021-01-21,137150,10821,220,Jan
677,What I eat for maximum athleticism and health,2021-01-20,162027,9923,475,Jan
678,STOICISM VS LAW OF ATTRACTION,2021-01-18,63320,5715,125,Jan
679,Why lack of discipline is ruining your life - 2 Ways I SKYROCKET Discipline,2021-01-17,129516,11850,223,Jan
680,DO THIS To Make Yourself Immune To Pain & DESTROY LAZINESS,2021-01-15,20410,1948,39,Jan
681,This Is Why You're a WEAK Man,2021-01-13,90473,7973,333,Jan
682,Mental Health: Self Improvement/Dopamine Detoxing can be fun,2021-01-12,20604,1455,37,Jan
683,"If You Feel LOST, LAZY & UNMOTIVATED In Life, WATCH THIS!",2021-01-11,9727,1083,48,Jan
684,The Curse of Being Male,2021-01-08,423521,64338,3330,Jan
685,Nofap FREE Course - Psychological mindset required for nofap success,2021-01-04,301641,21214,682,Jan
686,When you are on a dopamine detox the world is your entertainment - long term dopamine detox,2021-01-04,10422,921,55,Jan
687,The man who doesn't read is no different to the man who can't read,2021-01-01,29943,2346,139,Jan
688,A year I will never forget,2020-12-31,2956,262,36,Dec
689,Full Diet Guide (what fitness YouTubers never tell you),2020-12-29,1125658,66394,3491,Dec
690,"If You Want To Become A PRODUCTIVITY MASTER, Watch This!",2020-12-28,4582,363,27,Dec
691,self improvement made me love life again,2020-12-25,57312,3454,102,Dec
692,Goal Setting for Self Improvement: Level up your life,2020-12-22,21957,1558,61,Dec
693,FULL TIME JOB TO ONLINE BUSINESS: What you should learn,2020-12-19,61998,4876,51,Dec
694,the world is so beautiful but no one pays attention,2020-12-16,4916,396,20,Dec
695,physical attractiveness is important af (How To Improve Your Looks),2020-12-14,707310,41839,1263,Dec
696,REPROGRAM Your Mind To DESTROY LAZINESS & PROCRASTINATION Today!,2020-12-11,13940,1156,22,Dec
697,REPROGRAM Your Mind To DESTROY LAZINESS & PROCRASTINATION Today!,2020-12-07,24612,1919,68,Dec
698,anxiety explained like you're 5 years old (you probably have anxiety),2020-12-04,35122,2636,87,Dec
699,the morning routine that got me out of depression,2020-11-30,314038,16759,436,Nov
700,What they should have taught you in school,2020-11-27,104363,8060,202,Nov
701,The Education System Failed Us,2020-11-23,25992,2521,93,Nov
702,How To Stop Caring What People Think,2020-11-21,9211,811,36,Nov
703,The best relationship advice no one ever told you,2020-11-16,66414,3881,103,Nov
704,A noobs guide to building muscle - Resistance training guide for beginners,2020-11-11,291195,20513,371,Nov
705,Quitting social media for 6 months - What you need to know,2020-11-06,38628,2640,102,Nov
706,3 Principles for Social Success: Level up your social skills,2020-11-02,91527,7819,109,Nov
707,How to grow your self love,2020-10-23,34994,2522,66,Oct
708,I'm a failure,2020-10-19,706676,48971,825,Oct
709,Reduce depression and anxiety in just 1 month - Meditation and journaling for depression,2020-10-16,55474,3548,101,Oct
710,The best diet advice I can give you,2020-10-12,102916,5990,130,Oct
711,Why isn't mindfulness taught in schools? The Internet Addiction Cure,2020-10-10,37251,3003,68,Oct
712,"Look at the trees, not screens",2020-10-08,6775,470,15,Oct
713,A Message to My 25 Year Old Self: Why I invest in delayed gratification,2020-10-05,14748,1009,40,Oct
714,Full Self Improvement Guide: How To Fix Your Life As A Young Man,2020-10-01,2735699,135659,4033,Oct
715,All my insecurities and why I'm grateful for them,2020-09-25,23609,1964,138,Sep
716,Effect of Social Media on Mental Health - The Instagram Generation,2020-09-21,8065,619,33,Sep
717,2 fun skills you can learn right now instead of scrolling on instagram,2020-09-18,10499,927,25,Sep
718,3 Steps to Making Quality Friends - Overcome Loneliness and Make Friends,2020-09-14,89135,7351,217,Sep
719,How to Check Your Weight Properly - Understand Weight Fluctuations,2020-09-11,16861,960,46,Sep
720,Train Your Brain To BECOME LIMITLESS & Achieve ANY GOAL You Have,2020-09-07,3873,289,31,Sep
721,How to Reduce Stress and Negative Thoughts - Get peacefulness back in your mind,2020-09-04,13821,1165,36,Sep
722,How to lose 10lbs quickly (Fat loss psychology),2020-08-31,60769,4071,113,Aug
723,How to Stop Mind Wandering - The Mindfulness Framework,2020-08-28,65443,5825,139,Aug
724,"If You Feel UNMOTIVATED In Life, WATCH THIS!",2020-08-24,10549,795,40,Aug
725,WILD CAMPING IN A THUNDERSTORM | Striving for maximum discomfort,2020-08-21,8367,582,39,Aug
726,How one habit changed my life.,2020-08-17,5239,365,23,Aug
727,The best workout WITHOUT a gym - GYMNASTIC RINGS beginners walkthrough,2020-08-14,43512,3112,103,Aug
728,"Entire 6 year self improvement journey - Exactly how I progressed my mind, body, dating, social life",2020-08-10,371842,21751,751,Aug
729,This Daily Habit Will Let You ACHIEVE ANYTHING You Want!,2020-08-07,11640,966,52,Aug
730,"If You Want To COMPLETELY CHANGE Your Life In 7 Days, WATCH THIS!",2020-08-03,6160,455,38,Aug
731,How I fall asleep in 11 minutes - 5 techniques I use to fall asleep faster,2020-07-31,241254,18149,524,Jul
732,"How to Have Infinite Energy (Yes, It's Possible)",2020-07-28,13850,1188,21,Jul
733,What activity gives instant AND delayed gratification??,2020-07-24,15569,1020,45,Jul
734,How to Build the Ultimate Productivity System,2020-07-20,31228,2086,68,Jul
735,What to do for fun on a dopamine detox - How to have fun without video games,2020-07-17,65415,4359,117,Jul
736,I meditated every day for 60 days,2020-07-13,8245,467,25,Jul
737,Don't be scared of doing nothing,2020-07-10,16626,1634,20,Jul
738,Eating for TASTE vs NUTRITION (My diet life story),2020-07-07,38054,2173,269,Jul
739,How to REALLY quit social media & video games (STEP BY STEP PRACTICAL GUIDE),2020-07-03,35763,2568,69,Jul
740,6 Week Dopamine Detoxing Results - Benefits of dopamine fasting,2020-07-01,24214,1582,103,Jul
741,How to feel more grateful (Gratitude journaling & Writing letters of gratitude),2020-06-29,59369,6737,73,Jun
742,How a dopamine detox / reducing instant gratification will benefit you (Full detailed explanation),2020-06-27,117078,7151,717,Jun
743,How reducing instant gratification will undoubtedly benefit your future,2020-06-26,13708,958,30,Jun
744,Why having bad genetics is actually a good thing and will improve your life,2020-06-24,7582,509,28,Jun
745,The simple way that meditation improves everything in your life (How to actually meditate properly),2020-06-22,19443,1407,31,Jun
746,The Sugar Industry Cover Up - Sugar is killing the entire world and your country is encouraging it,2020-06-19,12244,650,34,Jun
747,Best FREE Mindfulness App In 2020 + My 3 favourite apps for personal development,2020-06-17,24667,1391,44,Jun
748,How to make the plank harder for more 6 pack abs development and back pain relief,2020-06-15,4253,344,12,Jun
749,Binge Eating and Mindfulness (The most effective binge eating disorder treatment?),2020-06-11,19054,1017,17,Jun
750,Fat loss without tracking calories (NO BULLSH*T GUIDE TO FAT LOSS),2020-06-10,249100,22127,664,Jun
751,Channel Trailer (Who is my channel for?),2020-06-07,5344,275,10,Jun
752,You are not your thoughts. Then what are you?,2020-06-05,19502,1454,34,Jun
753,6 Fitness mistakes to avoid (My most important lessons learnt in 6 years of exercising),2020-06-03,7594,485,15,Jun
754,Bicep curls for the brain,2020-06-01,9203,558,12,Jun
755,Mindful Meditation Explained: How to meditate for beginners,2020-05-30,66338,5842,100,May
756,Lose Body Fat With A Mindset Change (The Best Weight Loss Advice No Ones Telling You),2020-05-27,85747,6105,214,May
757,NINJA WARRIOR TRAINING (Monkey Bar Calisthenics),2020-05-25,3871,272,19,May
758,I'm not special // Looking Ugly on Camera,2020-05-23,20352,1410,48,May
759,Bodybuilders Gymnastic Rings 1 Week Progress (Weightlifter to Gymnast),2020-05-22,7406,407,22,May
760,How to change your life in 2 weeks,2020-05-21,37907,2401,146,May
761,Step by step Gymnast Rings TREE Set Up (How to Install Gymnastic Rings on a tree),2020-05-20,25484,1638,82,May
762,First Time on Gymnastic Rings (Bodybuilder / Weightlifter Tries Gymnastics Ring Workout),2020-05-17,29870,1430,115,May
763,10 Random Gym Tips Everyone Should Know: Advanced & Beginner Exercise Advice,2020-02-07,21161,1093,41,Feb
764,Crashed Mid-Workout? What to do when you have no energy when exercising,2020-01-01,8072,359,16,Jan
765,The two pieces of home training equipment I use: ABS & NECK training,2019-12-15,15746,836,34,Dec
766,Whats life like after achieving your body goals: 5 year body transformation,2019-12-13,10031,432,19,Dec
767,How To Train Your Neck At Home (Thicker neck muscles workout),2019-12-11,187544,9476,189,Dec
768,Full day of eating on IIFYM + Upper Body Workout Session,2019-11-30,10482,377,22,Nov
769,This is how I lose weight whilst eating snacks everyday,2019-11-28,12187,482,37,Nov
770,How To Build An Aesthetic Body (No Bullsh*t Guide),2019-11-24,4303423,260001,4422,Nov
771,Improve mental health with exercise: 3 tips to improve mental health,2019-11-14,20848,934,50,Nov
772,How to start exercising when you don't want to - For lazy & unmotivated people,2019-11-09,22406,1223,58,Nov
773,JUNK FOOD & GYM: How I manage snacking whilst staying in shape,2019-10-31,29162,925,115,Oct
774,VITAMIN D : The one supplement we should be taking,2019-10-29,35609,1482,126,Oct
775,FULL TIME JOB & LIFTING: Juggling work and gym,2019-10-26,34341,1554,125,Oct
776,Weightlifting 5 Year Body Transformation: Natural 5 Year Body Transformation,2019-09-07,95842,3176,228,Sep
